index,k__Bacteria;p__Bacteroidetes;c__Bacteroidia,k__Bacteria;p__Proteobacteria;c__Betaproteobacteria,k__Bacteria;p__Firmicutes;c__Bacilli,k__Bacteria;p__Proteobacteria;c__Gammaproteobacteria,k__Bacteria;p__Fusobacteria;c__Fusobacteriia,k__Bacteria;p__Firmicutes;c__Clostridia,k__Bacteria;p__Actinobacteria;c__Actinobacteria,k__Bacteria;p__Verrucomicrobia;c__Verrucomicrobiae,k__Bacteria;p__Cyanobacteria;c__Chloroplast,k__Bacteria;p__Bacteroidetes;c__Cytophagia,k__Bacteria;p__Proteobacteria;c__Epsilonproteobacteria,k__Bacteria;p__Proteobacteria;c__Deltaproteobacteria,k__Bacteria;p__Proteobacteria;c__Alphaproteobacteria,k__Bacteria;p__Firmicutes;c__Erysipelotrichi,k__Bacteria;p__Bacteroidetes;c__Sphingobacteriia,k__Bacteria;p__Bacteroidetes;c__Flavobacteriia,k__Bacteria;__;__,k__Bacteria;p__Synergistetes;c__Synergistia,k__Bacteria;p__Actinobacteria;c__Coriobacteriia,k__Bacteria;p__Spirochaetes;c__Spirochaetes,k__Bacteria;p__Bacteroidetes;c__[Saprospirae],k__Bacteria;p__[Thermi];c__Deinococci,k__Bacteria;p__Actinobacteria;c__Thermoleophilia,k__Bacteria;p__Tenericutes;c__Mollicutes,k__Bacteria;p__Acidobacteria;c__[Chloracidobacteria],k__Bacteria;p__SR1;c__,k__Bacteria;p__GN02;c__BD1-5,k__Archaea;p__Crenarchaeota;c__Thaumarchaeota,k__Bacteria;p__Planctomycetes;c__Phycisphaerae,k__Bacteria;p__Actinobacteria;c__Acidimicrobiia,k__Bacteria;p__Chloroflexi;c__Anaerolineae,k__Bacteria;p__Proteobacteria;__,k__Bacteria;p__Chloroflexi;c__Ellin6529,k__Bacteria;p__Verrucomicrobia;c__[Spartobacteria],k__Bacteria;p__Planctomycetes;c__Planctomycetia,k__Bacteria;p__Bacteroidetes;c__[Rhodothermi],Unassigned;__;__,k__Bacteria;p__Verrucomicrobia;c__[Pedosphaerae],k__Bacteria;p__FBP;c__,k__Bacteria;p__Cyanobacteria;c__Nostocophycideae,k__Bacteria;p__Proteobacteria;c__TA18,k__Bacteria;p__TM7;c__TM7-3,barcode-sequence,body-site,year,month,day,subject,reported-antibiotic-usage,days-since-experiment-start
L1S105,4653.0,40.0,0.0,38.0,31.0,2705.0,0.0,201.0,0.0,0.0,0.0,79.0,0.0,33.0,0.0,0.0,0.0,0.0,0.0,0.0,0.0,0.0,0.0,0.0,0.0,0.0,0.0,0.0,0.0,0.0,0.0,0.0,0.0,0.0,0.0,0.0,0.0,0.0,0.0,0.0,0.0,0.0,AGTGCGATGCGT,gut,2009.0,3.0,17.0,subject-1,No,140.0
L1S140,4917.0,11.0,0.0,60.0,0.0,2076.0,7.0,0.0,0.0,0.0,0.0,92.0,0.0,0.0,0.0,0.0,0.0,0.0,0.0,0.0,0.0,0.0,0.0,0.0,0.0,0.0,0.0,0.0,0.0,0.0,0.0,0.0,0.0,0.0,0.0,0.0,0.0,0.0,0.0,0.0,0.0,0.0,ATGGCAGCTCTA,gut,2008.0,10.0,28.0,subject-2,Yes,0.0
L1S208,5159.0,5.0,18.0,11.0,0.0,2882.0,0.0,3.0,0.0,0.0,0.0,31.0,0.0,41.0,0.0,0.0,0.0,0.0,2.0,0.0,0.0,0.0,0.0,0.0,0.0,0.0,0.0,0.0,0.0,0.0,0.0,0.0,0.0,0.0,0.0,0.0,0.0,0.0,0.0,0.0,0.0,0.0,CTGAGATACGCG,gut,2009.0,1.0,20.0,subject-2,No,84.0
L1S257,3881.0,99.0,9.0,0.0,0.0,2321.0,0.0,6.0,0.0,0.0,0.0,53.0,0.0,16.0,0.0,0.0,0.0,0.0,3.0,0.0,0.0,0.0,0.0,0.0,0.0,0.0,0.0,0.0,0.0,0.0,0.0,0.0,0.0,0.0,0.0,0.0,0.0,0.0,0.0,0.0,0.0,0.0,CCGACTGAGATG,gut,2009.0,3.0,17.0,subject-2,No,140.0
L1S281,3525.0,48.0,0.0,5.0,0.0,2986.0,0.0,0.0,0.0,0.0,0.0,39.0,0.0,12.0,0.0,0.0,0.0,0.0,0.0,0.0,0.0,0.0,0.0,0.0,0.0,0.0,0.0,0.0,0.0,0.0,0.0,0.0,0.0,0.0,0.0,0.0,0.0,0.0,0.0,0.0,0.0,0.0,CCTCTCGTGATC,gut,2009.0,4.0,14.0,subject-2,No,168.0
L1S57,4845.0,154.0,5.0,0.0,0.0,3578.0,0.0,32.0,0.0,0.0,0.0,35.0,0.0,53.0,0.0,0.0,0.0,0.0,0.0,0.0,0.0,0.0,0.0,0.0,0.0,0.0,0.0,0.0,0.0,0.0,0.0,0.0,0.0,0.0,0.0,0.0,0.0,0.0,0.0,0.0,0.0,0.0,ACACACTATGGC,gut,2009.0,1.0,20.0,subject-1,No,84.0
L1S76,4900.0,107.0,3.0,188.0,0.0,2559.0,0.0,9.0,0.0,0.0,0.0,29.0,0.0,72.0,0.0,0.0,0.0,0.0,0.0,0.0,0.0,0.0,0.0,0.0,0.0,0.0,0.0,0.0,0.0,0.0,0.0,0.0,0.0,0.0,0.0,0.0,0.0,0.0,0.0,0.0,0.0,0.0,ACTACGTGTGGT,gut,2009.0,2.0,17.0,subject-1,No,112.0
L1S8,4682.0,0.0,30.0,250.0,3.0,1424.0,0.0,582.0,0.0,0.0,0.0,62.0,0.0,0.0,0.0,0.0,0.0,0.0,0.0,0.0,0.0,0.0,0.0,0.0,0.0,0.0,0.0,0.0,0.0,0.0,0.0,0.0,0.0,0.0,0.0,0.0,0.0,0.0,0.0,0.0,0.0,0.0,AGCTGACTAGTC,gut,2008.0,10.0,28.0,subject-1,Yes,0.0
L2S155,64.0,146.0,520.0,1062.0,194.0,438.0,1193.0,3.0,67.0,7.0,4.0,0.0,163.0,2.0,0.0,18.0,25.0,0.0,0.0,0.0,11.0,5.0,0.0,10.0,0.0,0.0,0.0,0.0,0.0,0.0,0.0,0.0,0.0,0.0,0.0,0.0,0.0,0.0,0.0,0.0,0.0,0.0,ACGATGCGACCA,left palm,2009.0,1.0,20.0,subject-1,No,84.0
L2S175,251.0,153.0,1451.0,355.0,166.0,389.0,1479.0,0.0,8.0,8.0,4.0,0.0,65.0,0.0,7.0,22.0,10.0,0.0,0.0,0.0,6.0,7.0,0.0,0.0,0.0,0.0,3.0,0.0,0.0,0.0,0.0,0.0,0.0,0.0,0.0,0.0,0.0,0.0,2.0,0.0,0.0,0.0,AGCTATCCACGA,left palm,2009.0,2.0,17.0,subject-1,No,112.0
L2S204,91.0,104.0,245.0,1676.0,90.0,182.0,141.0,0.0,117.0,6.0,0.0,2.0,117.0,19.0,201.0,94.0,51.0,0.0,0.0,0.0,14.0,0.0,0.0,3.0,0.0,5.0,0.0,0.0,0.0,0.0,0.0,0.0,0.0,0.0,0.0,0.0,0.0,0.0,0.0,0.0,0.0,0.0,ATGCAGCTCAGT,left palm,2009.0,3.0,17.0,subject-1,No,140.0
L2S222,177.0,308.0,344.0,1075.0,113.0,158.0,255.0,0.0,175.0,8.0,10.0,7.0,183.0,6.0,45.0,217.0,50.0,0.0,0.0,0.0,25.0,0.0,7.0,11.0,0.0,5.0,2.0,0.0,0.0,0.0,0.0,3.0,3.0,0.0,0.0,0.0,0.0,0.0,0.0,0.0,0.0,0.0,CACGTGACATGT,left palm,2009.0,4.0,14.0,subject-1,No,168.0
L2S240,327.0,1348.0,761.0,1209.0,671.0,445.0,234.0,0.0,7.0,0.0,34.0,0.0,2.0,2.0,0.0,21.0,0.0,0.0,0.0,0.0,0.0,0.0,0.0,0.0,0.0,0.0,0.0,0.0,0.0,0.0,0.0,0.0,0.0,0.0,0.0,0.0,0.0,0.0,0.0,0.0,0.0,0.0,CATATCGCAGTT,left palm,2008.0,10.0,28.0,subject-2,Yes,0.0
L2S309,50.0,74.0,582.0,101.0,48.0,223.0,199.0,0.0,47.0,0.0,3.0,0.0,54.0,0.0,9.0,17.0,10.0,0.0,0.0,0.0,0.0,0.0,0.0,0.0,0.0,0.0,0.0,0.0,0.0,0.0,0.0,0.0,0.0,0.0,0.0,0.0,0.0,2.0,0.0,0.0,0.0,0.0,CGTGCATTATCA,left palm,2009.0,1.0,20.0,subject-2,No,84.0
L2S357,45.0,144.0,943.0,428.0,28.0,266.0,394.0,0.0,39.0,0.0,8.0,0.0,52.0,0.0,14.0,10.0,2.0,0.0,0.0,0.0,0.0,0.0,0.0,0.0,0.0,0.0,0.0,0.0,0.0,0.0,0.0,0.0,0.0,0.0,0.0,0.0,0.0,0.0,0.0,0.0,0.0,0.0,CTAACGCAGTCA,left palm,2009.0,3.0,17.0,subject-2,No,140.0
L2S382,637.0,460.0,796.0,227.0,612.0,674.0,372.0,0.0,7.0,10.0,68.0,0.0,6.0,12.0,0.0,99.0,0.0,38.0,15.0,53.0,0.0,0.0,0.0,0.0,0.0,0.0,3.0,0.0,0.0,0.0,0.0,0.0,0.0,0.0,0.0,0.0,0.0,0.0,0.0,0.0,0.0,0.0,CTCAATGACTCA,left palm,2009.0,4.0,14.0,subject-2,No,168.0
L3S242,641.0,0.0,4.0,46.0,0.0,165.0,0.0,23.0,0.0,0.0,0.0,18.0,0.0,0.0,0.0,0.0,0.0,0.0,0.0,0.0,0.0,0.0,0.0,0.0,0.0,0.0,0.0,0.0,0.0,0.0,0.0,0.0,0.0,0.0,0.0,0.0,0.0,0.0,0.0,0.0,0.0,0.0,ACAGTTGCGCGA,right palm,2008.0,10.0,28.0,subject-1,Yes,0.0
L3S294,9.0,69.0,131.0,353.0,18.0,97.0,442.0,0.0,82.0,0.0,0.0,0.0,18.0,0.0,2.0,0.0,4.0,0.0,0.0,0.0,0.0,0.0,0.0,0.0,0.0,0.0,0.0,0.0,0.0,0.0,0.0,0.0,0.0,0.0,0.0,0.0,0.0,0.0,0.0,0.0,0.0,0.0,CACGACAGGCTA,right palm,2009.0,1.0,20.0,subject-1,No,84.0
L3S313,33.0,34.0,426.0,67.0,18.0,136.0,370.0,0.0,0.0,0.0,0.0,0.0,13.0,0.0,0.0,0.0,0.0,0.0,0.0,0.0,0.0,6.0,0.0,0.0,0.0,0.0,0.0,0.0,0.0,0.0,0.0,0.0,0.0,0.0,0.0,0.0,0.0,0.0,0.0,0.0,0.0,0.0,AGTGTCACGGTG,right palm,2009.0,2.0,17.0,subject-1,No,112.0
L3S341,81.0,43.0,152.0,413.0,19.0,76.0,69.0,0.0,39.0,0.0,0.0,0.0,28.0,6.0,25.0,9.0,0.0,0.0,0.0,0.0,0.0,2.0,0.0,0.0,0.0,0.0,0.0,0.0,0.0,0.0,0.0,0.0,0.0,0.0,0.0,0.0,0.0,0.0,0.0,0.0,0.0,0.0,CAAGTGAGAGAG,right palm,2009.0,3.0,17.0,subject-1,No,140.0
L3S360,41.0,90.0,88.0,388.0,36.0,18.0,81.0,0.0,114.0,0.0,0.0,0.0,48.0,2.0,9.0,48.0,6.0,0.0,0.0,0.0,0.0,0.0,0.0,0.0,0.0,0.0,0.0,0.0,0.0,0.0,0.0,0.0,0.0,0.0,0.0,0.0,0.0,0.0,0.0,0.0,0.0,0.0,CATCGTATCAAC,right palm,2009.0,4.0,14.0,subject-1,No,168.0
L3S378,820.0,6.0,3.0,6.0,0.0,396.0,0.0,0.0,0.0,0.0,0.0,18.0,0.0,0.0,0.0,0.0,0.0,0.0,0.0,0.0,0.0,0.0,0.0,0.0,0.0,0.0,0.0,0.0,0.0,0.0,0.0,0.0,0.0,0.0,0.0,0.0,0.0,0.0,0.0,0.0,0.0,0.0,ATCGATCTGTGG,right palm,2008.0,10.0,28.0,subject-2,Yes,0.0
L4S112,224.0,455.0,3553.0,1256.0,107.0,834.0,1284.0,0.0,193.0,24.0,12.0,0.0,187.0,25.0,34.0,96.0,18.0,0.0,0.0,0.0,13.0,0.0,0.0,0.0,6.0,5.0,0.0,4.0,5.0,0.0,0.0,0.0,0.0,3.0,2.0,0.0,0.0,0.0,0.0,0.0,0.0,0.0,GCGTTACACACA,right palm,2009.0,3.0,17.0,subject-2,No,140.0
L4S137,646.0,1980.0,2856.0,899.0,489.0,905.0,1087.0,0.0,42.0,546.0,34.0,0.0,158.0,5.0,0.0,112.0,0.0,27.0,9.0,23.0,0.0,0.0,0.0,0.0,0.0,0.0,2.0,0.0,0.0,0.0,0.0,0.0,0.0,0.0,0.0,0.0,0.0,0.0,0.0,0.0,0.0,0.0,GAACTGTATCTC,right palm,2009.0,4.0,14.0,subject-2,No,168.0
L4S63,223.0,435.0,2516.0,759.0,762.0,1719.0,1614.0,0.0,515.0,44.0,23.0,5.0,745.0,11.0,54.0,96.0,78.0,0.0,0.0,3.0,37.0,4.0,33.0,17.0,13.0,0.0,0.0,8.0,0.0,4.0,4.0,0.0,3.0,3.0,3.0,3.0,3.0,3.0,0.0,2.0,2.0,0.0,CTCGTGGAGTAG,right palm,2009.0,1.0,20.0,subject-2,No,84.0
L5S104,261.0,18.0,530.0,529.0,184.0,168.0,206.0,0.0,263.0,0.0,10.0,0.0,53.0,0.0,0.0,5.0,0.0,0.0,0.0,0.0,0.0,0.0,0.0,0.0,0.0,0.0,0.0,0.0,0.0,0.0,0.0,0.0,0.0,0.0,0.0,0.0,0.0,0.0,0.0,0.0,0.0,0.0,CAGTGTCAGGAC,tongue,2008.0,10.0,28.0,subject-1,Yes,0.0
L5S155,138.0,508.0,450.0,467.0,47.0,118.0,64.0,0.0,0.0,0.0,8.0,0.0,0.0,0.0,0.0,0.0,0.0,0.0,0.0,0.0,0.0,0.0,0.0,0.0,0.0,0.0,0.0,0.0,0.0,0.0,0.0,0.0,0.0,0.0,0.0,0.0,0.0,0.0,0.0,0.0,0.0,0.0,ATCTTAGACTGC,tongue,2009.0,1.0,20.0,subject-1,No,84.0
L5S174,777.0,85.0,283.0,254.0,115.0,329.0,82.0,0.0,0.0,0.0,21.0,0.0,0.0,2.0,0.0,0.0,0.0,0.0,5.0,0.0,0.0,0.0,0.0,0.0,0.0,0.0,0.0,0.0,0.0,0.0,0.0,0.0,0.0,0.0,0.0,0.0,0.0,0.0,0.0,0.0,0.0,0.0,CAGACATTGCGT,tongue,2009.0,2.0,17.0,subject-1,No,112.0
L5S203,186.0,479.0,529.0,358.0,219.0,193.0,107.0,0.0,0.0,0.0,38.0,0.0,0.0,0.0,0.0,3.0,0.0,0.0,0.0,0.0,0.0,0.0,0.0,0.0,0.0,0.0,0.0,0.0,0.0,0.0,0.0,0.0,0.0,0.0,0.0,0.0,0.0,0.0,0.0,0.0,0.0,0.0,CGATGCACCAGA,tongue,2009.0,3.0,17.0,subject-1,No,140.0
L5S222,481.0,479.0,382.0,390.0,524.0,192.0,44.0,0.0,8.0,0.0,18.0,0.0,0.0,3.0,0.0,0.0,0.0,0.0,0.0,0.0,0.0,0.0,0.0,0.0,0.0,0.0,0.0,0.0,0.0,0.0,0.0,0.0,0.0,0.0,0.0,0.0,0.0,0.0,0.0,0.0,0.0,0.0,CTAGAGACTCTT,tongue,2009.0,4.0,14.0,subject-1,No,168.0
L5S240,133.0,446.0,265.0,532.0,176.0,129.0,104.0,0.0,0.0,0.0,7.0,0.0,0.0,0.0,0.0,0.0,0.0,0.0,0.0,0.0,0.0,0.0,0.0,0.0,0.0,0.0,0.0,0.0,0.0,0.0,0.0,0.0,0.0,0.0,0.0,0.0,0.0,0.0,0.0,0.0,0.0,0.0,CTGGACTCATAG,tongue,2008.0,10.0,28.0,subject-2,Yes,0.0
L6S20,366.0,3548.0,465.0,940.0,668.0,574.0,200.0,0.0,0.0,0.0,73.0,0.0,0.0,8.0,0.0,8.0,0.0,0.0,5.0,0.0,0.0,0.0,0.0,0.0,0.0,0.0,0.0,0.0,0.0,0.0,0.0,0.0,0.0,0.0,0.0,0.0,0.0,0.0,0.0,0.0,0.0,0.0,GAGGCTCATCAT,tongue,2009.0,1.0,20.0,subject-2,No,84.0
L6S68,361.0,1728.0,890.0,1291.0,979.0,414.0,258.0,0.0,0.0,0.0,31.0,0.0,0.0,11.0,0.0,10.0,0.0,0.0,7.0,0.0,0.0,0.0,0.0,0.0,0.0,0.0,0.0,0.0,0.0,0.0,0.0,0.0,0.0,0.0,0.0,0.0,0.0,0.0,0.0,0.0,0.0,0.0,GATACGTCCTGA,tongue,2009.0,3.0,17.0,subject-2,No,140.0
L6S93,2545.0,1344.0,727.0,724.0,720.0,670.0,52.0,0.0,0.0,0.0,107.0,0.0,0.0,26.0,0.0,23.0,0.0,0.0,13.0,0.0,0.0,0.0,0.0,0.0,0.0,0.0,0.0,0.0,0.0,0.0,0.0,0.0,0.0,0.0,0.0,0.0,0.0,0.0,0.0,0.0,0.0,2.0,GATTAGCACTCT,tongue,2009.0,4.0,14.0,subject-2,No,168.0
